OID_,hhpkm,nvpkm,areakm,hhn,nvn,hvn,grid,Shape_Length,Shape_Area,row,col
1,3.000000000000000,0.000000000000000,2.560000000000000,8,0,8,3,6400.000000000000000,2560000.000000000000000,25,
2,2.333333333333333,0.666666666666667,2.560000000000000,6,2,4,4,6400.000000000000000,2560000.000000000000000,25,
3,2.000000000000000,1.000000000000000,2.560000000000000,5,3,2,5,6400.000000000000000,2560000.000000000000000,25,
4,2.000000000000000,1.000000000000000,2.560000000000000,5,3,2,6,6400.000000000000000,2560000.000000000000000,25,
5,2.000000000000000,1.000000000000000,2.560000000000000,5,3,2,7,6400.000000000000000,2560000.000000000000000,25,
6,2.000000000000000,1.000000000000000,2.560000000000000,5,3,2,8,6400.000000000000000,2560000.000000000000000,25,
7,2.000000000000000,1.000000000000000,2.560000000000000,5,3,2,9,6400.000000000000000,2560000.000000000000000,25,
8,2.000000000000000,1.000000000000000,2.560000000000000,5,3,2,10,6400.000000000000000,2560000.000000000000000,25,
9,2.000000000000000,1.000000000000000,2.560000000000000,5,3,2,11,6400.000000000000000,2560000.000000000000000,25,
10,2.000000000000000,1.000000000000000,2.560000000000000,5,3,2,12,6400.000000000000000,2560000.000000000000000,25,
11,2.000000000000000,1.000000000000000,2.560000000000000,5,3,2,13,6400.000000000000000,2560000.000000000000000,25,
12,37.500000000000000,0.500000000000000,2.560000000000000,96,1,95,14,6400.000000000000000,2560000.000000000000000,25,
13,74.000000000000000,0.500000000000000,2.560000000000000,189,1,188,15,6400.000000000000000,2560000.000000000000000,25,
14,187.500000000000000,2.500000000000000,2.560000000000000,480,6,474,16,6400.000000000000000,2560000.000000000000000,25,
15,248.000000000000000,1.750000000000000,2.560000000000000,635,4,631,17,6400.000000000000000,2560000.000000000000000,25,
16,364.750000000000000,4.250000000000000,2.560000000000000,934,11,923,18,6400.000000000000000,2560000.000000000000000,25,
17,385.500000000000000,6.500000000000000,2.560000000000000,987,17,970,19,6400.000000000000000,2560000.000000000000000,25,
18,400.750000000000000,5.250000000000000,2.560000000000000,1026,13,1013,20,6400.000000000000000,2560000.000000000000000,25,
19,645.250000000000000,11.000000000000000,2.560000000000000,1652,28,1624,21,6400.000000000000000,2560000.000000000000000,25,
20,749.000000000000000,9.500000000000000,2.560000000000000,1917,24,1893,22,6400.000000000000000,2560000.000000000000000,25,
21,797.500000000000000,21.000000000000000,2.560000000000000,2042,54,1988,23,6400.000000000000000,2560000.000000000000000,25,
22,198.500000000000000,6.500000000000001,2.560000000000000,508,17,491,24,6400.000000000000000,2560000.000000000000000,25,
23,467.500000000000000,14.500000000000000,2.560000000000000,1197,37,1160,25,6400.000000000000000,2560000.000000000000000,25,
24,736.500000000000000,22.500000000000000,2.560000000000000,1885,58,1827,26,6400.000000000000000,2560000.000000000000000,25,
25,600.500000000000000,8.500000000000000,2.560000000000000,1537,22,1515,27,6400.000000000000000,2560000.000000000000000,25,
26,3.000000000000000,0.000000000000000,2.560000000000000,8,0,8,32,6400.000000000000000,2560000.000000000000000,25,
27,2.666666666666667,0.333333333333333,2.560000000000000,7,1,6,33,6400.000000000000000,2560000.000000000000000,25,
28,2.000000000000000,1.000000000000000,2.560000000000000,5,3,2,34,6400.000000000000000,2560000.000000000000000,25,
29,2.000000000000000,1.000000000000000,2.560000000000000,5,3,2,35,6400.000000000000000,2560000.000000000000000,25,
30,2.000000000000000,1.000000000000000,2.560000000000000,5,3,2,36,6400.000000000000000,2560000.000000000000000,25,
31,2.000000000000000,1.000000000000000,2.560000000000000,5,3,2,37,6400.000000000000000,2560000.000000000000000,25,
32,2.000000000000000,1.000000000000000,2.560000000000000,5,3,2,38,6400.000000000000000,2560000.000000000000000,25,
33,2.000000000000000,1.000000000000000,2.560000000000000,5,3,2,39,6400.000000000000000,2560000.000000000000000,25,
34,2.000000000000000,1.000000000000000,2.560000000000000,5,3,2,40,6400.000000000000000,2560000.000000000000000,25,
35,2.000000000000000,1.000000000000000,2.560000000000000,5,3,2,41,6400.000000000000000,2560000.000000000000000,25,
36,52.500000000000000,2.500000000000000,2.560000000000000,134,6,128,42,6400.000000000000000,2560000.000000000000000,25,
37,0.000000000000000,0.000000000000000,2.560000000000000,0,0,0,43,6400.000000000000000,2560000.000000000000000,25,
38,0.000000000000000,0.000000000000000,2.560000000000000,0,0,0,44,6400.000000000000000,2560000.000000000000000,25,
39,0.000000000000000,0.000000000000000,2.560000000000000,0,0,0,45,6400.000000000000000,2560000.000000000000000,25,
40,136.500000000000000,0.000000000000000,2.560000000000000,349,0,349,46,6400.000000000000000,2560000.000000000000000,25,
41,273.000000000000000,0.000000000000000,2.560000000000000,699,0,699,47,6400.000000000000000,2560000.000000000000000,25,
42,273.000000000000000,0.000000000000000,2.560000000000000,699,0,699,48,6400.000000000000000,2560000.000000000000000,25,
43,322.000000000000000,1.000000000000000,2.560000000000000,824,3,821,49,6400.000000000000000,2560000.000000000000000,25,
44,371.000000000000000,2.000000000000000,2.560000000000000,950,5,945,50,6400.000000000000000,2560000.000000000000000,25,
45,937.000000000000000,14.000000000000000,2.560000000000000,2399,36,2363,51,6400.000000000000000,2560000.000000000000000,25,
46,794.000000000000000,4.000000000000000,2.560000000000000,2033,10,2023,52,6400.000000000000000,2560000.000000000000000,25,
47,397.000000000000000,13.000000000000000,2.560000000000000,1016,33,983,53,6400.000000000000000,2560000.000000000000000,25,
48,544.000000000000000,13.500000000000000,2.560000000000000,1393,35,1358,54,6400.000000000000000,2560000.000000000000000,25,
49,691.000000000000000,14.000000000000000,2.560000000000000,1769,36,1733,55,6400.000000000000000,2560000.000000000000000,25,
50,779.000000000000000,17.000000000000000,2.560000000000000,1994,44,1950,56,6400.000000000000000,2560000.000000000000000,25,
51,3.000000000000000,0.000000000000000,2.560000000000000,8,0,8,61,6400.000000000000000,2560000.000000000000000,25,
52,2.500000000000000,0.500000000000000,2.560000000000000,6,1,5,62,6400.000000000000000,2560000.000000000000000,25,
53,2.000000000000000,1.000000000000000,2.560000000000000,5,3,2,63,6400.000000000000000,2560000.000000000000000,25,
54,2.000000000000000,1.000000000000000,2.560000000000000,5,3,2,64,6400.000000000000000,2560000.000000000000000,25,
55,2.000000000000000,1.000000000000000,2.560000000000000,5,3,2,65,6400.000000000000000,2560000.000000000000000,25,
56,2.000000000000000,1.000000000000000,2.560000000000000,5,3,2,66,6400.000000000000000,2560000.000000000000000,25,
57,2.000000000000000,1.000000000000000,2.560000000000000,5,3,2,67,6400.000000000000000,2560000.000000000000000,25,
58,2.000000000000000,1.000000000000000,2.560000000000000,5,3,2,68,6400.000000000000000,2560000.000000000000000,25,
59,2.000000000000000,1.000000000000000,2.560000000000000,5,3,2,69,6400.000000000000000,2560000.000000000000000,25,
60,148.000000000000000,0.000000000000000,2.560000000000000,379,0,379,70,6400.000000000000000,2560000.000000000000000,25,
61,52.500000000000000,2.500000000000000,2.560000000000000,134,6,128,71,6400.000000000000000,2560000.000000000000000,25,
62,0.000000000000000,0.000000000000000,2.560000000000000,0,0,0,72,6400.000000000000000,2560000.000000000000000,25,
63,0.000000000000000,0.000000000000000,2.560000000000000,0,0,0,73,6400.000000000000000,2560000.000000000000000,25,
64,0.000000000000000,0.000000000000000,2.560000000000000,0,0,0,74,6400.000000000000000,2560000.000000000000000,25,
65,0.000000000000000,0.000000000000000,2.560000000000000,0,0,0,75,6400.000000000000000,2560000.000000000000000,25,
66,0.000000000000000,0.000000000000000,2.560000000000000,0,0,0,76,6400.000000000000000,2560000.000000000000000,25,
67,0.000000000000000,0.000000000000000,2.560000000000000,0,0,0,77,6400.000000000000000,2560000.000000000000000,25,
68,0.000000000000000,0.000000000000000,2.560000000000000,0,0,0,78,6400.000000000000000,2560000.000000000000000,25,
69,237.000000000000000,7.000000000000000,2.560000000000000,607,18,589,79,6400.000000000000000,2560000.000000000000000,25,
70,474.000000000000000,14.000000000000000,2.560000000000000,1213,36,1177,80,6400.000000000000000,2560000.000000000000000,25,
71,939.000000000000000,48.000000000000000,2.560000000000000,2404,123,2281,81,6400.000000000000000,2560000.000000000000000,25,
72,483.000000000000000,0.000000000000000,2.560000000000000,1236,0,1236,82,6400.000000000000000,2560000.000000000000000,25,
73,452.500000000000000,1.000000000000000,2.560000000000000,1158,3,1155,83,6400.000000000000000,2560000.000000000000000,25,
74,422.000000000000000,2.000000000000000,2.560000000000000,1080,5,1075,84,6400.000000000000000,2560000.000000000000000,25,
75,600.500000000000000,9.500000000000000,2.560000000000000,1537,24,1513,85,6400.000000000000000,2560000.000000000000000,25,
76,3.000000000000000,0.000000000000000,2.560000000000000,8,0,8,90,6400.000000000000000,2560000.000000000000000,25,
77,2.500000000000000,0.500000000000000,2.560000000000000,6,1,5,91,6400.000000000000000,2560000.000000000000000,25,
78,2.000000000000000,1.000000000000000,2.560000000000000,5,3,2,92,6400.000000000000000,2560000.000000000000000,25,
79,2.000000000000000,1.000000000000000,2.560000000000000,5,3,2,93,6400.000000000000000,2560000.000000000000000,25,
80,2.000000000000000,1.000000000000000,2.560000000000000,5,3,2,94,6400.000000000000000,2560000.000000000000000,25,
81,2.000000000000000,1.000000000000000,2.560000000000000,5,3,2,95,6400.000000000000000,2560000.000000000000000,25,
82,2.000000000000000,1.000000000000000,2.560000000000000,5,3,2,96,6400.000000000000000,2560000.000000000000000,25,
83,2.000000000000000,1.000000000000000,2.560000000000000,5,3,2,97,6400.000000000000000,2560000.000000000000000,25,
84,153.750000000000000,2.500000000000000,2.560000000000000,394,6,388,98,6400.000000000000000,2560000.000000000000000,25,
85,148.000000000000000,0.000000000000000,2.560000000000000,379,0,379,99,6400.000000000000000,2560000.000000000000000,25,
86,105.000000000000000,5.000000000000000,2.560000000000000,269,13,256,100,6400.000000000000000,2560000.000000000000000,25,
87,99.000000000000000,3.000000000000000,2.560000000000000,253,8,245,101,6400.000000000000000,2560000.000000000000000,25,
88,93.000000000000000,1.000000000000000,2.560000000000000,238,3,235,102,6400.000000000000000,2560000.000000000000000,25,
89,93.000000000000000,1.000000000000000,2.560000000000000,238,3,235,103,6400.000000000000000,2560000.000000000000000,25,
90,0.000000000000000,0.000000000000000,2.560000000000000,0,0,0,104,6400.000000000000000,2560000.000000000000000,25,
91,0.000000000000000,0.000000000000000,2.560000000000000,0,0,0,105,6400.000000000000000,2560000.000000000000000,25,
92,0.000000000000000,0.000000000000000,2.560000000000000,0,0,0,106,6400.000000000000000,2560000.000000000000000,25,
93,0.000000000000000,0.000000000000000,2.560000000000000,0,0,0,107,6400.000000000000000,2560000.000000000000000,25,
94,118.500000000000000,3.500000000000000,2.560000000000000,303,9,294,108,6400.000000000000000,2560000.000000000000000,25,
95,237.000000000000000,7.000000000000000,2.560000000000000,607,18,589,109,6400.000000000000000,2560000.000000000000000,25,
96,847.000000000000000,14.250000000000000,2.560000000000000,2168,36,2132,110,6400.000000000000000,2560000.000000000000000,25,
97,262.000000000000000,9.000000000000000,2.560000000000000,671,23,648,111,6400.000000000000000,2560000.000000000000000,25,
98,262.000000000000000,9.000000000000000,2.560000000000000,671,23,648,112,6400.000000000000000,2560000.000000000000000,25,
99,262.000000000000000,9.000000000000000,2.560000000000000,671,23,648,113,6400.000000000000000,2560000.000000000000000,25,
100,328.000000000000000,11.000000000000000,2.560000000000000,840,28,812,114,6400.000000000000000,2560000.000000000000000,25,
101,3.000000000000000,0.000000000000000,2.560000000000000,8,0,8,119,6400.000000000000000,2560000.000000000000000,25,
102,2.500000000000000,0.500000000000000,2.560000000000000,6,1,5,120,6400.000000000000000,2560000.000000000000000,25,
103,2.000000000000000,1.000000000000000,2.560000000000000,5,3,2,121,6400.000000000000000,2560000.000000000000000,25,
104,2.000000000000000,1.000000000000000,2.560000000000000,5,3,2,122,6400.000000000000000,2560000.000000000000000,25,
105,2.000000000000000,1.000000000000000,2.560000000000000,5,3,2,123,6400.000000000000000,2560000.000000000000000,25,
106,2.000000000000000,1.000000000000000,2.560000000000000,5,3,2,124,6400.000000000000000,2560000.000000000000000,25,
107,2.000000000000000,1.000000000000000,2.560000000000000,5,3,2,125,6400.000000000000000,2560000.000000000000000,25,
108,159.500000000000000,5.000000000000000,2.560000000000000,408,13,395,126,6400.000000000000000,2560000.000000000000000,25,
109,148.000000000000000,0.000000000000000,2.560000000000000,379,0,379,127,6400.000000000000000,2560000.000000000000000,25,
110,148.000000000000000,0.000000000000000,2.560000000000000,379,0,379,128,6400.000000000000000,2560000.000000000000000,25,
111,105.000000000000000,5.000000000000000,2.560000000000000,269,13,256,129,6400.000000000000000,2560000.000000000000000,25,
112,184.500000000000000,6.000000000000000,2.560000000000000,472,15,457,130,6400.000000000000000,2560000.000000000000000,25,
113,264.000000000000000,7.000000000000000,2.560000000000000,676,18,658,131,6400.000000000000000,2560000.000000000000000,25,
114,209.000000000000000,1.000000000000000,2.560000000000000,535,3,532,132,6400.000000000000000,2560000.000000000000000,25,
115,93.000000000000000,1.000000000000000,2.560000000000000,238,3,235,133,6400.000000000000000,2560000.000000000000000,25,
116,523.500000000000000,13.000000000000000,2.560000000000000,1340,33,1307,134,6400.000000000000000,2560000.000000000000000,25,
117,0.000000000000000,0.000000000000000,2.560000000000000,0,0,0,135,6400.000000000000000,2560000.000000000000000,25,
118,198.000000000000000,0.000000000000000,2.560000000000000,507,0,507,136,6400.000000000000000,2560000.000000000000000,25,
119,0.000000000000000,0.000000000000000,2.560000000000000,0,0,0,137,6400.000000000000000,2560000.000000000000000,25,
120,0.000000000000000,0.000000000000000,2.560000000000000,0,0,0,138,6400.000000000000000,2560000.000000000000000,25,
121,459.500000000000000,14.500000000000000,2.560000000000000,1176,37,1139,139,6400.000000000000000,2560000.000000000000000,25,
122,978.500000000000000,81.000000000000000,2.560000000000000,2505,207,2298,140,6400.000000000000000,2560000.000000000000000,25,
123,869.000000000000000,33.500000000000000,2.560000000000000,2225,86,2139,141,6400.000000000000000,2560000.000000000000000,25,
124,385.000000000000000,10.000000000000000,2.560000000000000,986,26,960,142,6400.000000000000000,2560000.000000000000000,25,
125,722.000000000000000,10.000000000000000,2.560000000000000,1848,26,1822,143,6400.000000000000000,2560000.000000000000000,25,
126,3.000000000000000,0.000000000000000,2.560000000000000,8,0,8,148,6400.000000000000000,2560000.000000000000000,25,
127,2.500000000000000,0.500000000000000,2.560000000000000,6,1,5,149,6400.000000000000000,2560000.000000000000000,25,
128,2.000000000000000,1.000000000000000,2.560000000000000,5,3,2,150,6400.000000000000000,2560000.000000000000000,25,
129,2.000000000000000,1.000000000000000,2.560000000000000,5,3,2,151,6400.000000000000000,2560000.000000000000000,25,
130,2.000000000000000,1.000000000000000,2.560000000000000,5,3,2,152,6400.000000000000000,2560000.000000000000000,25,
131,2.000000000000000,1.000000000000000,2.560000000000000,5,3,2,153,6400.000000000000000,2560000.000000000000000,25,
132,92.000000000000000,3.500000000000000,2.560000000000000,236,9,227,154,6400.000000000000000,2560000.000000000000000,25,
133,317.000000000000000,9.000000000000000,2.560000000000000,812,23,789,155,6400.000000000000000,2560000.000000000000000,25,
134,232.500000000000000,4.500000000000000,2.560000000000000,595,12,583,156,6400.000000000000000,2560000.000000000000000,25,
135,148.000000000000000,0.000000000000000,2.560000000000000,379,0,379,157,6400.000000000000000,2560000.000000000000000,25,
136,434.000000000000000,2.000000000000000,2.560000000000000,1111,5,1106,158,6400.000000000000000,2560000.000000000000000,25,
137,349.000000000000000,4.500000000000000,2.560000000000000,893,12,881,159,6400.000000000000000,2560000.000000000000000,25,
138,264.000000000000000,7.000000000000000,2.560000000000000,676,18,658,160,6400.000000000000000,2560000.000000000000000,25,
139,232.000000000000000,0.000000000000000,2.560000000000000,594,0,594,161,6400.000000000000000,2560000.000000000000000,25,
140,487.500000000000000,42.250000000000000,2.560000000000000,1248,108,1140,162,6400.000000000000000,2560000.000000000000000,25,
141,629.500000000000000,47.250000000000000,2.560000000000000,1612,121,1491,163,6400.000000000000000,2560000.000000000000000,25,
142,493.000000000000000,11.000000000000000,2.560000000000000,1262,28,1234,164,6400.000000000000000,2560000.000000000000000,25,
143,427.000000000000000,4.250000000000000,2.560000000000000,1093,11,1082,165,6400.000000000000000,2560000.000000000000000,25,
144,260.000000000000000,8.500000000000000,2.560000000000000,666,22,644,166,6400.000000000000000,2560000.000000000000000,25,
145,260.000000000000000,8.500000000000000,2.560000000000000,666,22,644,167,6400.000000000000000,2560000.000000000000000,25,
146,260.000000000000000,8.500000000000000,2.560000000000000,666,22,644,168,6400.000000000000000,2560000.000000000000000,25,
147,831.000000000000000,57.000000000000000,2.560000000000000,2127,146,1981,169,6400.000000000000000,2560000.000000000000000,25,
148,995.500000000000000,64.000000000000000,2.560000000000000,2548,164,2384,170,6400.000000000000000,2560000.000000000000000,25,
149,487.000000000000000,40.000000000000000,2.560000000000000,1247,102,1145,171,6400.000000000000000,2560000.000000000000000,25,
150,851.000000000000000,36.000000000000000,2.560000000000000,2179,92,2087,172,6400.000000000000000,2560000.000000000000000,25,
151,49.000000000000000,2.000000000000000,2.560000000000000,125,5,120,177,6400.000000000000000,2560000.000000000000000,25,
152,67.000000000000000,1.500000000000000,2.560000000000000,172,4,168,178,6400.000000000000000,2560000.000000000000000,25,
153,85.000000000000000,1.000000000000000,2.560000000000000,218,3,215,179,6400.000000000000000,2560000.000000000000000,25,
154,123.500000000000000,1.000000000000000,2.560000000000000,316,3,313,180,6400.000000000000000,2560000.000000000000000,25,
155,156.000000000000000,1.000000000000000,2.560000000000000,399,3,396,181,6400.000000000000000,2560000.000000000000000,25,
156,150.000000000000000,1.000000000000000,2.560000000000000,384,3,381,182,6400.000000000000000,2560000.000000000000000,25,
157,362.000000000000000,11.000000000000000,2.560000000000000,927,28,899,183,6400.000000000000000,2560000.000000000000000,25,
158,362.000000000000000,11.000000000000000,2.560000000000000,927,28,899,184,6400.000000000000000,2560000.000000000000000,25,
159,426.000000000000000,0.000000000000000,2.560000000000000,1091,0,1091,185,6400.000000000000000,2560000.000000000000000,25,
160,426.000000000000000,0.000000000000000,2.560000000000000,1091,0,1091,186,6400.000000000000000,2560000.000000000000000,25,
161,803.000000000000000,13.000000000000000,2.560000000000000,2056,33,2023,187,6400.000000000000000,2560000.000000000000000,25,
162,454.000000000000000,16.000000000000000,2.560000000000000,1162,41,1121,188,6400.000000000000000,2560000.000000000000000,25,
163,264.000000000000000,7.000000000000000,2.560000000000000,676,18,658,189,6400.000000000000000,2560000.000000000000000,25,
164,572.000000000000000,0.000000000000000,2.560000000000000,1464,0,1464,190,6400.000000000000000,2560000.000000000000000,25,
165,756.500000000000000,100.000000000000000,2.560000000000000,1937,256,1681,191,6400.000000000000000,2560000.000000000000000,25,
166,561.500000000000000,33.500000000000000,2.560000000000000,1437,86,1351,192,6400.000000000000000,2560000.000000000000000,25,
167,559.000000000000000,41.000000000000000,2.560000000000000,1431,105,1326,193,6400.000000000000000,2560000.000000000000000,25,
168,740.000000000000000,80.000000000000000,2.560000000000000,1894,205,1689,194,6400.000000000000000,2560000.000000000000000,25,
169,321.000000000000000,10.000000000000000,2.560000000000000,822,26,796,195,6400.000000000000000,2560000.000000000000000,25,
170,321.000000000000000,10.000000000000000,2.560000000000000,822,26,796,196,6400.000000000000000,2560000.000000000000000,25,
171,884.000000000000000,23.000000000000000,2.560000000000000,2263,59,2204,197,6400.000000000000000,2560000.000000000000000,25,
172,958.000000000000000,50.000000000000000,2.560000000000000,2452,128,2324,198,6400.000000000000000,2560000.000000000000000,25,
173,927.500000000000000,46.500000000000000,2.560000000000000,2374,119,2255,199,6400.000000000000000,2560000.000000000000000,25,
174,1504.000000000000000,84.000000000000000,2.560000000000000,3850,215,3635,200,6400.000000000000000,2560000.000000000000000,25,
175,988.000000000000000,81.000000000000000,2.560000000000000,2529,207,2322,201,6400.000000000000000,2560000.000000000000000,25,
176,49.000000000000000,2.000000000000000,2.560000000000000,125,5,120,206,6400.000000000000000,2560000.000000000000000,25,
177,67.000000000000000,1.500000000000000,2.560000000000000,172,4,168,207,6400.000000000000000,2560000.000000000000000,25,
178,85.000000000000000,1.000000000000000,2.560000000000000,218,3,215,208,6400.000000000000000,2560000.000000000000000,25,
179,265.000000000000000,0.750000000000000,2.560000000000000,678,2,676,209,6400.000000000000000,2560000.000000000000000,25,
180,156.000000000000000,1.000000000000000,2.560000000000000,399,3,396,210,6400.000000000000000,2560000.000000000000000,25,
181,150.000000000000000,1.000000000000000,2.560000000000000,384,3,381,211,6400.000000000000000,2560000.000000000000000,25,
182,121.000000000000000,0.000000000000000,2.560000000000000,310,0,310,212,6400.000000000000000,2560000.000000000000000,25,
183,121.000000000000000,0.000000000000000,2.560000000000000,310,0,310,213,6400.000000000000000,2560000.000000000000000,25,
184,73.000000000000000,2.000000000000000,2.560000000000000,187,5,182,214,6400.000000000000000,2560000.000000000000000,25,
185,73.000000000000000,2.000000000000000,2.560000000000000,187,5,182,215,6400.000000000000000,2560000.000000000000000,25,
186,73.000000000000000,2.000000000000000,2.560000000000000,187,5,182,216,6400.000000000000000,2560000.000000000000000,25,
187,247.750000000000000,6.250000000000000,2.560000000000000,634,16,618,217,6400.000000000000000,2560000.000000000000000,25,
188,247.500000000000000,10.000000000000000,2.560000000000000,634,26,608,218,6400.000000000000000,2560000.000000000000000,25,
189,253.000000000000000,13.500000000000000,2.560000000000000,648,35,613,219,6400.000000000000000,2560000.000000000000000,25,
190,536.500000000000000,55.750000000000000,2.560000000000000,1373,143,1230,220,6400.000000000000000,2560000.000000000000000,25,
191,574.000000000000000,96.750000000000000,2.560000000000000,1469,248,1221,221,6400.000000000000000,2560000.000000000000000,25,
192,517.000000000000000,51.000000000000000,2.560000000000000,1324,131,1193,222,6400.000000000000000,2560000.000000000000000,25,
193,588.000000000000000,70.500000000000000,2.560000000000000,1505,180,1325,223,6400.000000000000000,2560000.000000000000000,25,
194,308.500000000000000,36.750000000000000,2.560000000000000,790,94,696,224,6400.000000000000000,2560000.000000000000000,25,
195,223.000000000000000,6.500000000000000,2.560000000000000,571,17,554,225,6400.000000000000000,2560000.000000000000000,25,
196,314.000000000000000,5.000000000000000,2.560000000000000,804,13,791,226,6400.000000000000000,2560000.000000000000000,25,
197,87.000000000000000,10.500000000000000,2.560000000000000,223,27,196,227,6400.000000000000000,2560000.000000000000000,25,
198,607.500000000000000,18.000000000000000,2.560000000000000,1555,46,1509,228,6400.000000000000000,2560000.000000000000000,25,
199,864.000000000000000,27.000000000000000,2.560000000000000,2212,69,2143,229,6400.000000000000000,2560000.000000000000000,25,
200,1037.000000000000000,34.000000000000000,2.560000000000000,2655,87,2568,230,6400.000000000000000,2560000.000000000000000,25,
201,49.000000000000000,2.000000000000000,2.560000000000000,125,5,120,235,6400.000000000000000,2560000.000000000000000,25,
202,336.500000000000000,23.000000000000000,2.560000000000000,861,59,802,236,6400.000000000000000,2560000.000000000000000,25,
203,624.000000000000000,44.000000000000000,2.560000000000000,1597,113,1484,237,6400.000000000000000,2560000.000000000000000,25,
204,406.500000000000000,0.500000000000000,2.560000000000000,1041,1,1040,238,6400.000000000000000,2560000.000000000000000,25,
205,156.000000000000000,1.000000000000000,2.560000000000000,399,3,396,239,6400.000000000000000,2560000.000000000000000,25,
206,150.000000000000000,1.000000000000000,2.560000000000000,384,3,381,240,6400.000000000000000,2560000.000000000000000,25,
207,121.000000000000000,0.000000000000000,2.560000000000000,310,0,310,241,6400.000000000000000,2560000.000000000000000,25,
208,535.500000000000000,19.500000000000000,2.560000000000000,1371,50,1321,242,6400.000000000000000,2560000.000000000000000,25,
209,287.500000000000000,16.500000000000000,2.560000000000000,736,42,694,243,6400.000000000000000,2560000.000000000000000,25,
210,73.000000000000000,2.000000000000000,2.560000000000000,187,5,182,244,6400.000000000000000,2560000.000000000000000,25,
211,73.000000000000000,2.000000000000000,2.560000000000000,187,5,182,245,6400.000000000000000,2560000.000000000000000,25,
212,66.500000000000000,8.000000000000000,2.560000000000000,170,20,150,246,6400.000000000000000,2560000.000000000000000,25,
213,60.000000000000000,14.000000000000000,2.560000000000000,154,36,118,247,6400.000000000000000,2560000.000000000000000,25,
214,60.000000000000000,14.000000000000000,2.560000000000000,154,36,118,248,6400.000000000000000,2560000.000000000000000,25,
215,184.000000000000000,23.500000000000000,2.560000000000000,471,60,411,249,6400.000000000000000,2560000.000000000000000,25,
216,233.000000000000000,41.000000000000000,2.560000000000000,596,105,491,250,6400.000000000000000,2560000.000000000000000,25,
217,247.000000000000000,48.000000000000000,2.560000000000000,632,123,509,251,6400.000000000000000,2560000.000000000000000,25,
218,43.000000000000000,4.000000000000000,2.560000000000000,110,10,100,252,6400.000000000000000,2560000.000000000000000,25,
219,125.000000000000000,3.000000000000000,2.560000000000000,320,8,312,253,6400.000000000000000,2560000.000000000000000,25,
220,125.000000000000000,3.000000000000000,2.560000000000000,320,8,312,254,6400.000000000000000,2560000.000000000000000,25,
221,125.000000000000000,3.000000000000000,2.560000000000000,320,8,312,255,6400.000000000000000,2560000.000000000000000,25,
222,174.000000000000000,21.000000000000000,2.560000000000000,445,54,391,256,6400.000000000000000,2560000.000000000000000,25,
223,803.500000000000000,73.500000000000000,2.560000000000000,2057,188,1869,257,6400.000000000000000,2560000.000000000000000,25,
224,0.000000000000000,0.000000000000000,2.560000000000000,0,0,0,258,6400.000000000000000,2560000.000000000000000,25,
225,3393.500000000000000,843.500000000000000,2.560000000000000,8687,2159,6528,259,6400.000000000000000,2560000.000000000000000,25,
226,534.000000000000000,8.000000000000000,2.560000000000000,1367,20,1347,264,6400.000000000000000,2560000.000000000000000,25,
227,579.000000000000000,26.000000000000000,2.560000000000000,1482,67,1415,265,6400.000000000000000,2560000.000000000000000,25,
228,624.000000000000000,44.000000000000000,2.560000000000000,1597,113,1484,266,6400.000000000000000,2560000.000000000000000,25,
229,423.000000000000000,0.500000000000000,2.560000000000000,1083,1,1082,267,6400.000000000000000,2560000.000000000000000,25,
230,439.500000000000000,5.500000000000000,2.560000000000000,1125,14,1111,268,6400.000000000000000,2560000.000000000000000,25,
231,463.500000000000000,17.000000000000000,2.560000000000000,1187,44,1143,269,6400.000000000000000,2560000.000000000000000,25,
232,116.000000000000000,0.000000000000000,2.560000000000000,297,0,297,270,6400.000000000000000,2560000.000000000000000,25,
233,125.250000000000000,1.250000000000000,2.560000000000000,321,3,318,271,6400.000000000000000,2560000.000000000000000,25,
234,134.500000000000000,2.500000000000000,2.560000000000000,344,6,338,272,6400.000000000000000,2560000.000000000000000,25,
235,134.500000000000000,2.500000000000000,2.560000000000000,344,6,338,273,6400.000000000000000,2560000.000000000000000,25,
236,81.250000000000000,4.250000000000000,2.560000000000000,208,11,197,274,6400.000000000000000,2560000.000000000000000,25,
237,195.250000000000028,25.000000000000000,2.560000000000000,500,64,436,275,6400.000000000000000,2560000.000000000000000,25,
238,273.500000000000000,42.500000000000000,2.560000000000000,700,109,591,276,6400.000000000000000,2560000.000000000000000,25,
239,243.500000000000000,21.250000000000000,2.560000000000000,623,54,569,277,6400.000000000000000,2560000.000000000000000,25,
240,418.500000000000000,103.750000000000000,2.560000000000000,1071,266,805,278,6400.000000000000000,2560000.000000000000000,25,
241,310.000000000000000,73.750000000000000,2.560000000000000,794,189,605,279,6400.000000000000000,2560000.000000000000000,25,
242,251.000000000000000,57.500000000000000,2.560000000000000,643,147,496,280,6400.000000000000000,2560000.000000000000000,25,
243,136.500000000000000,58.500000000000000,2.560000000000000,349,150,199,281,6400.000000000000000,2560000.000000000000000,25,
244,75.000000000000000,6.000000000000000,2.560000000000000,192,15,177,282,6400.000000000000000,2560000.000000000000000,25,
245,75.000000000000000,6.000000000000000,2.560000000000000,192,15,177,283,6400.000000000000000,2560000.000000000000000,25,
246,75.000000000000000,6.000000000000000,2.560000000000000,192,15,177,284,6400.000000000000000,2560000.000000000000000,25,
247,149.250000000000000,17.250000000000000,2.560000000000000,382,44,338,285,6400.000000000000000,2560000.000000000000000,25,
248,752.750000000000000,74.500000000000000,2.560000000000000,1927,191,1736,286,6400.000000000000000,2560000.000000000000000,25,
249,595.000000000000000,58.000000000000000,2.560000000000000,1523,148,1375,287,6400.000000000000000,2560000.000000000000000,25,
250,302.000000000000000,24.000000000000000,2.560000000000000,773,61,712,288,6400.000000000000000,2560000.000000000000000,25,
251,571.000000000000000,9.500000000000000,2.560000000000000,1462,24,1438,293,6400.000000000000000,2560000.000000000000000,25,
252,637.666666666666742,14.000000000000000,2.560000000000000,1632,36,1596,294,6400.000000000000000,2560000.000000000000000,25,
253,251.000000000000000,4.000000000000000,2.560000000000000,643,10,633,295,6400.000000000000000,2560000.000000000000000,25,
254,210.000000000000000,24.000000000000000,2.560000000000000,538,61,477,296,6400.000000000000000,2560000.000000000000000,25,
255,210.000000000000000,24.000000000000000,2.560000000000000,538,61,477,297,6400.000000000000000,2560000.000000000000000,25,
256,210.000000000000000,24.000000000000000,2.560000000000000,538,61,477,298,6400.000000000000000,2560000.000000000000000,25,
257,116.000000000000000,0.000000000000000,2.560000000000000,297,0,297,299,6400.000000000000000,2560000.000000000000000,25,
258,67.000000000000000,0.000000000000000,2.560000000000000,172,0,172,300,6400.000000000000000,2560000.000000000000000,25,
259,18.000000000000000,0.000000000000000,2.560000000000000,46,0,46,301,6400.000000000000000,2560000.000000000000000,25,
260,18.000000000000000,0.000000000000000,2.560000000000000,46,0,46,302,6400.000000000000000,2560000.000000000000000,25,
261,89.500000000000000,6.500000000000000,2.560000000000000,229,17,212,303,6400.000000000000000,2560000.000000000000000,25,
262,354.000000000000000,49.000000000000000,2.560000000000000,906,125,781,304,6400.000000000000000,2560000.000000000000000,25,
263,547.000000000000000,85.000000000000000,2.560000000000000,1400,218,1182,305,6400.000000000000000,2560000.000000000000000,25,
264,427.000000000000000,28.500000000000000,2.560000000000000,1093,73,1020,306,6400.000000000000000,2560000.000000000000000,25,
265,425.000000000000000,122.500000000000000,2.560000000000000,1088,314,774,307,6400.000000000000000,2560000.000000000000000,25,
266,560.000000000000000,164.000000000000000,2.560000000000000,1434,420,1014,308,6400.000000000000000,2560000.000000000000000,25,
267,459.000000000000000,111.000000000000000,2.560000000000000,1175,284,891,309,6400.000000000000000,2560000.000000000000000,25,
268,230.000000000000000,113.000000000000000,2.560000000000000,589,289,300,310,6400.000000000000000,2560000.000000000000000,25,
269,75.000000000000000,6.000000000000000,2.560000000000000,192,15,177,311,6400.000000000000000,2560000.000000000000000,25,
270,75.000000000000000,6.000000000000000,2.560000000000000,192,15,177,312,6400.000000000000000,2560000.000000000000000,25,
271,75.000000000000000,6.000000000000000,2.560000000000000,192,15,177,313,6400.000000000000000,2560000.000000000000000,25,
272,75.000000000000000,6.000000000000000,2.560000000000000,192,15,177,314,6400.000000000000000,2560000.000000000000000,25,
273,385.000000000000000,19.000000000000000,2.560000000000000,986,49,937,315,6400.000000000000000,2560000.000000000000000,25,
274,385.000000000000000,19.000000000000000,2.560000000000000,986,49,937,316,6400.000000000000000,2560000.000000000000000,25,
275,302.000000000000000,24.000000000000000,2.560000000000000,773,61,712,317,6400.000000000000000,2560000.000000000000000,25,
276,311.000000000000000,0.000000000000000,2.560000000000000,796,0,796,322,6400.000000000000000,2560000.000000000000000,25,
277,311.000000000000000,0.000000000000000,2.560000000000000,796,0,796,323,6400.000000000000000,2560000.000000000000000,25,
278,251.000000000000000,4.000000000000000,2.560000000000000,643,10,633,324,6400.000000000000000,2560000.000000000000000,25,
279,230.500000000000000,14.000000000000000,2.560000000000000,590,36,554,325,6400.000000000000000,2560000.000000000000000,25,
280,210.000000000000000,24.000000000000000,2.560000000000000,538,61,477,326,6400.000000000000000,2560000.000000000000000,25,
281,210.000000000000000,24.000000000000000,2.560000000000000,538,61,477,327,6400.000000000000000,2560000.000000000000000,25,
282,665.000000000000000,14.000000000000000,2.560000000000000,1702,36,1666,328,6400.000000000000000,2560000.000000000000000,25,
283,591.500000000000000,23.000000000000000,2.560000000000000,1514,59,1455,329,6400.000000000000000,2560000.000000000000000,25,
284,411.500000000000000,20.000000000000000,2.560000000000000,1053,51,1002,330,6400.000000000000000,2560000.000000000000000,25,
285,18.000000000000000,0.000000000000000,2.560000000000000,46,0,46,331,6400.000000000000000,2560000.000000000000000,25,
286,585.500000000000000,56.500000000000000,2.560000000000000,1499,145,1354,332,6400.000000000000000,2560000.000000000000000,25,
287,961.000000000000000,88.000000000000000,2.560000000000000,2460,225,2235,333,6400.000000000000000,2560000.000000000000000,25,
288,769.000000000000000,63.000000000000000,2.560000000000000,1969,161,1808,334,6400.000000000000000,2560000.000000000000000,25,
289,189.000000000000000,24.000000000000000,2.560000000000000,484,61,423,335,6400.000000000000000,2560000.000000000000000,25,
290,1426.000000000000000,276.000000000000000,2.560000000000000,3651,707,2944,336,6400.000000000000000,2560000.000000000000000,25,
291,1609.000000000000000,313.500000000000000,2.560000000000000,4119,803,3316,337,6400.000000000000000,2560000.000000000000000,25,
292,1162.000000000000000,137.000000000000000,2.560000000000000,2975,351,2624,338,6400.000000000000000,2560000.000000000000000,25,
293,652.000000000000000,198.000000000000000,2.560000000000000,1669,507,1162,339,6400.000000000000000,2560000.000000000000000,25,
294,1331.000000000000000,136.000000000000000,2.560000000000000,3407,348,3059,340,6400.000000000000000,2560000.000000000000000,25,
295,984.000000000000000,69.000000000000000,2.560000000000000,2519,177,2342,341,6400.000000000000000,2560000.000000000000000,25,
296,604.000000000000000,24.000000000000000,2.560000000000000,1546,61,1485,342,6400.000000000000000,2560000.000000000000000,25,
297,618.500000000000000,46.500000000000000,2.560000000000000,1583,119,1464,343,6400.000000000000000,2560000.000000000000000,25,
298,759.000000000000000,78.000000000000000,2.560000000000000,1943,200,1743,344,6400.000000000000000,2560000.000000000000000,25,
299,1263.000000000000000,150.000000000000000,2.560000000000000,3233,384,2849,345,6400.000000000000000,2560000.000000000000000,25,
300,1232.000000000000000,80.000000000000000,2.560000000000000,3154,205,2949,346,6400.000000000000000,2560000.000000000000000,25,
301,610.250000000000000,37.500000000000000,2.560000000000000,1562,96,1466,351,6400.000000000000000,2560000.000000000000000,25,
302,485.000000000000000,30.000000000000000,2.560000000000000,1242,77,1165,352,6400.000000000000000,2560000.000000000000000,25,
303,601.000000000000000,3.000000000000000,2.560000000000000,1539,8,1531,353,6400.000000000000000,2560000.000000000000000,25,
304,508.000000000000000,23.500000000000000,2.560000000000000,1300,60,1240,354,6400.000000000000000,2560000.000000000000000,25,
305,832.250000000000000,21.000000000000000,2.560000000000000,2131,54,2077,355,6400.000000000000000,2560000.000000000000000,25,
306,1184.500000000000000,26.000000000000000,2.560000000000000,3032,67,2965,356,6400.000000000000000,2560000.000000000000000,25,
307,583.000000000000000,7.000000000000000,2.560000000000000,1492,18,1474,357,6400.000000000000000,2560000.000000000000000,25,
308,960.000000000000000,24.750000000000000,2.560000000000000,2458,63,2395,358,6400.000000000000000,2560000.000000000000000,25,
309,1117.250000000000000,38.000000000000000,2.560000000000000,2860,97,2763,359,6400.000000000000000,2560000.000000000000000,25,
310,1213.000000000000000,29.500000000000000,2.560000000000000,3105,76,3029,360,6400.000000000000000,2560000.000000000000000,25,
311,1485.500000000000000,221.750000000000000,2.560000000000000,3803,568,3235,361,6400.000000000000000,2560000.000000000000000,25,
312,672.500000000000000,53.000000000000000,2.560000000000000,1722,136,1586,362,6400.000000000000000,2560000.000000000000000,25,
313,406.000000000000000,19.000000000000000,2.560000000000000,1039,49,990,363,6400.000000000000000,2560000.000000000000000,25,
314,189.000000000000000,24.000000000000000,2.560000000000000,484,61,423,364,6400.000000000000000,2560000.000000000000000,25,
315,684.000000000000000,42.500000000000000,2.560000000000000,1751,109,1642,365,6400.000000000000000,2560000.000000000000000,25,
316,925.000000000000000,61.000000000000000,2.560000000000000,2368,156,2212,366,6400.000000000000000,2560000.000000000000000,25,
317,920.000000000000000,49.000000000000000,2.560000000000000,2355,125,2230,367,6400.000000000000000,2560000.000000000000000,25,
318,1045.500000000000000,98.500000000000000,2.560000000000000,2676,252,2424,368,6400.000000000000000,2560000.000000000000000,25,
319,1048.750000000000000,66.000000000000000,2.560000000000000,2685,169,2516,369,6400.000000000000000,2560000.000000000000000,25,
320,1083.000000000000000,254.000000000000000,2.560000000000000,2772,650,2122,370,6400.000000000000000,2560000.000000000000000,25,
321,966.000000000000000,23.000000000000000,2.560000000000000,2473,59,2414,371,6400.000000000000000,2560000.000000000000000,25,
322,1101.750000000000000,126.750000000000000,2.560000000000000,2820,324,2496,372,6400.000000000000000,2560000.000000000000000,25,
323,734.250000000000000,28.250000000000000,2.560000000000000,1880,72,1808,373,6400.000000000000000,2560000.000000000000000,25,
324,911.000000000000000,26.000000000000000,2.560000000000000,2332,67,2265,374,6400.000000000000000,2560000.000000000000000,25,
325,698.000000000000000,24.000000000000000,2.560000000000000,1787,61,1726,375,6400.000000000000000,2560000.000000000000000,25,
326,656.000000000000000,0.000000000000000,2.560000000000000,1679,0,1679,380,6400.000000000000000,2560000.000000000000000,25,
327,448.000000000000000,16.000000000000000,2.560000000000000,1147,41,1106,381,6400.000000000000000,2560000.000000000000000,25,
328,448.000000000000000,16.000000000000000,2.560000000000000,1147,41,1106,382,6400.000000000000000,2560000.000000000000000,25,
329,242.500000000000000,6.500000000000000,2.560000000000000,621,17,604,383,6400.000000000000000,2560000.000000000000000,25,
330,598.000000000000000,54.000000000000000,2.560000000000000,1531,138,1393,384,6400.000000000000000,2560000.000000000000000,25,
331,1032.000000000000000,0.000000000000000,2.560000000000000,2642,0,2642,385,6400.000000000000000,2560000.000000000000000,25,
332,956.500000000000000,16.000000000000000,2.560000000000000,2449,41,2408,386,6400.000000000000000,2560000.000000000000000,25,
333,1262.000000000000000,28.500000000000000,2.560000000000000,3231,73,3158,387,6400.000000000000000,2560000.000000000000000,25,
334,828.500000000000000,15.500000000000000,2.560000000000000,2121,40,2081,388,6400.000000000000000,2560000.000000000000000,25,
335,739.000000000000000,17.000000000000000,2.560000000000000,1892,44,1848,389,6400.000000000000000,2560000.000000000000000,25,
336,739.500000000000000,22.000000000000000,2.560000000000000,1893,56,1837,390,6400.000000000000000,2560000.000000000000000,25,
337,446.000000000000000,20.000000000000000,2.560000000000000,1142,51,1091,391,6400.000000000000000,2560000.000000000000000,25,
338,196.000000000000000,14.000000000000000,2.560000000000000,502,36,466,392,6400.000000000000000,2560000.000000000000000,25,
339,1344.000000000000000,265.000000000000000,2.560000000000000,3441,678,2763,393,6400.000000000000000,2560000.000000000000000,25,
340,1195.000000000000000,183.000000000000000,2.560000000000000,3059,468,2591,394,6400.000000000000000,2560000.000000000000000,25,
341,1213.000000000000000,101.000000000000000,2.560000000000000,3105,259,2846,395,6400.000000000000000,2560000.000000000000000,25,
342,840.000000000000000,65.000000000000000,2.560000000000000,2150,166,1984,396,6400.000000000000000,2560000.000000000000000,25,
343,989.000000000000000,64.000000000000000,2.560000000000000,2532,164,2368,397,6400.000000000000000,2560000.000000000000000,25,
344,1089.000000000000000,185.500000000000000,2.560000000000000,2788,475,2313,398,6400.000000000000000,2560000.000000000000000,25,
345,1423.000000000000000,156.000000000000000,2.560000000000000,3643,399,3244,399,6400.000000000000000,2560000.000000000000000,25,
346,752.000000000000000,28.000000000000000,2.560000000000000,1925,72,1853,400,6400.000000000000000,2560000.000000000000000,25,
347,592.000000000000000,62.000000000000000,2.560000000000000,1516,159,1357,401,6400.000000000000000,2560000.000000000000000,25,
348,1011.500000000000000,111.500000000000000,2.560000000000000,2589,285,2304,402,6400.000000000000000,2560000.000000000000000,25,
349,2652.000000000000000,91.000000000000000,2.560000000000000,6789,233,6556,403,6400.000000000000000,2560000.000000000000000,25,
350,1537.000000000000000,105.000000000000000,2.560000000000000,3935,269,3666,404,6400.000000000000000,2560000.000000000000000,25,
351,456.000000000000000,5.000000000000000,2.560000000000000,1167,13,1154,409,6400.000000000000000,2560000.000000000000000,25,
352,456.000000000000000,5.000000000000000,2.560000000000000,1167,13,1154,410,6400.000000000000000,2560000.000000000000000,25,
353,662.000000000000000,34.000000000000000,2.560000000000000,1695,87,1608,411,6400.000000000000000,2560000.000000000000000,25,
354,550.000000000000000,13.000000000000000,2.560000000000000,1408,33,1375,412,6400.000000000000000,2560000.000000000000000,25,
355,543.000000000000000,10.000000000000000,2.560000000000000,1390,26,1364,413,6400.000000000000000,2560000.000000000000000,25,
356,1218.000000000000000,18.000000000000000,2.560000000000000,3118,46,3072,414,6400.000000000000000,2560000.000000000000000,25,
357,981.500000000000000,60.000000000000000,2.560000000000000,2513,154,2359,415,6400.000000000000000,2560000.000000000000000,25,
358,904.250000000000000,34.000000000000000,2.560000000000000,2315,87,2228,416,6400.000000000000000,2560000.000000000000000,25,
359,764.500000000000000,89.500000000000000,2.560000000000000,1957,229,1728,417,6400.000000000000000,2560000.000000000000000,25,
360,943.000000000000000,147.000000000000000,2.560000000000000,2414,376,2038,418,6400.000000000000000,2560000.000000000000000,25,
361,528.000000000000000,90.000000000000000,2.560000000000000,1352,230,1122,419,6400.000000000000000,2560000.000000000000000,25,
362,860.500000000000000,178.750000000000000,2.560000000000000,2203,458,1745,420,6400.000000000000000,2560000.000000000000000,25,
363,1111.000000000000000,177.500000000000000,2.560000000000000,2844,454,2390,421,6400.000000000000000,2560000.000000000000000,25,
364,1856.500000000000000,309.500000000000000,2.560000000000000,4753,792,3961,422,6400.000000000000000,2560000.000000000000000,25,
365,1191.000000000000000,151.750000000000000,2.560000000000000,3049,388,2661,423,6400.000000000000000,2560000.000000000000000,25,
366,1400.500000000000000,133.750000000000000,2.560000000000000,3585,342,3243,424,6400.000000000000000,2560000.000000000000000,25,
367,1919.000000000000000,45.000000000000000,2.560000000000000,4913,115,4798,425,6400.000000000000000,2560000.000000000000000,25,
368,1252.500000000000000,30.000000000000000,2.560000000000000,3206,77,3129,426,6400.000000000000000,2560000.000000000000000,25,
369,1102.000000000000000,106.000000000000000,2.560000000000000,2821,271,2550,427,6400.000000000000000,2560000.000000000000000,25,
370,967.000000000000000,32.000000000000000,2.560000000000000,2476,82,2394,428,6400.000000000000000,2560000.000000000000000,25,
371,875.500000000000000,37.000000000000000,2.560000000000000,2241,95,2146,429,6400.000000000000000,2560000.000000000000000,25,
372,238.000000000000000,17.000000000000000,2.560000000000000,609,44,565,430,6400.000000000000000,2560000.000000000000000,25,
373,720.500000000000000,33.000000000000000,2.560000000000000,1844,84,1760,431,6400.000000000000000,2560000.000000000000000,25,
374,916.500000000000000,31.000000000000000,2.560000000000000,2346,79,2267,432,6400.000000000000000,2560000.000000000000000,25,
375,1776.250000000000000,130.000000000000000,2.560000000000000,4547,333,4214,433,6400.000000000000000,2560000.000000000000000,25,
376,159.000000000000000,3.000000000000000,2.560000000000000,407,8,399,438,6400.000000000000000,2560000.000000000000000,25,
377,159.000000000000000,3.000000000000000,2.560000000000000,407,8,399,439,6400.000000000000000,2560000.000000000000000,25,
378,103.000000000000000,8.000000000000000,2.560000000000000,264,20,244,440,6400.000000000000000,2560000.000000000000000,25,
379,386.500000000000000,27.000000000000000,2.560000000000000,989,69,920,441,6400.000000000000000,2560000.000000000000000,25,
380,103.000000000000000,8.000000000000000,2.560000000000000,264,20,244,442,6400.000000000000000,2560000.000000000000000,25,
381,103.000000000000000,8.000000000000000,2.560000000000000,264,20,244,443,6400.000000000000000,2560000.000000000000000,25,
382,567.000000000000000,1.000000000000000,2.560000000000000,1452,3,1449,444,6400.000000000000000,2560000.000000000000000,25,
383,1316.000000000000000,187.000000000000000,2.560000000000000,3369,479,2890,445,6400.000000000000000,2560000.000000000000000,25,
384,1007.000000000000000,204.500000000000000,2.560000000000000,2578,524,2054,446,6400.000000000000000,2560000.000000000000000,25,
385,414.000000000000000,61.000000000000000,2.560000000000000,1060,156,904,447,6400.000000000000000,2560000.000000000000000,25,
386,828.500000000000000,62.000000000000000,2.560000000000000,2121,159,1962,448,6400.000000000000000,2560000.000000000000000,25,
387,1061.000000000000000,31.000000000000000,2.560000000000000,2716,79,2637,449,6400.000000000000000,2560000.000000000000000,25,
388,1078.000000000000000,28.000000000000000,2.560000000000000,2760,72,2688,450,6400.000000000000000,2560000.000000000000000,25,
389,877.000000000000000,56.000000000000000,2.560000000000000,2245,143,2102,451,6400.000000000000000,2560000.000000000000000,25,
390,722.000000000000000,81.000000000000000,2.560000000000000,1848,207,1641,452,6400.000000000000000,2560000.000000000000000,25,
391,1032.500000000000000,126.000000000000000,2.560000000000000,2643,323,2320,453,6400.000000000000000,2560000.000000000000000,25,
392,992.000000000000000,87.000000000000000,2.560000000000000,2540,223,2317,454,6400.000000000000000,2560000.000000000000000,25,
393,823.000000000000000,84.000000000000000,2.560000000000000,2107,215,1892,455,6400.000000000000000,2560000.000000000000000,25,
394,589.500000000000000,17.500000000000000,2.560000000000000,1509,45,1464,456,6400.000000000000000,2560000.000000000000000,25,
395,126.000000000000000,0.000000000000000,2.560000000000000,323,0,323,457,6400.000000000000000,2560000.000000000000000,25,
396,211.000000000000000,31.000000000000000,2.560000000000000,540,79,461,458,6400.000000000000000,2560000.000000000000000,25,
397,176.000000000000000,17.000000000000000,2.560000000000000,451,44,407,459,6400.000000000000000,2560000.000000000000000,25,
398,141.000000000000000,3.000000000000000,2.560000000000000,361,8,353,460,6400.000000000000000,2560000.000000000000000,25,
399,141.000000000000000,3.000000000000000,2.560000000000000,361,8,353,461,6400.000000000000000,2560000.000000000000000,25,
400,902.000000000000000,69.000000000000000,2.560000000000000,2309,177,2132,462,6400.000000000000000,2560000.000000000000000,25,
401,159.000000000000000,3.000000000000000,2.560000000000000,407,8,399,467,6400.000000000000000,2560000.000000000000000,25,
402,159.000000000000000,3.000000000000000,2.560000000000000,407,8,399,468,6400.000000000000000,2560000.000000000000000,25,
403,103.000000000000000,8.000000000000000,2.560000000000000,264,20,244,469,6400.000000000000000,2560000.000000000000000,25,
404,103.000000000000000,8.000000000000000,2.560000000000000,264,20,244,470,6400.000000000000000,2560000.000000000000000,25,
405,378.500000000000000,9.500000000000000,2.560000000000000,969,24,945,471,6400.000000000000000,2560000.000000000000000,25,
406,654.000000000000000,11.000000000000000,2.560000000000000,1674,28,1646,472,6400.000000000000000,2560000.000000000000000,25,
407,625.000000000000000,12.000000000000000,2.560000000000000,1600,31,1569,473,6400.000000000000000,2560000.000000000000000,25,
408,1247.750000000000000,143.750000000000000,2.560000000000000,3194,368,2826,474,6400.000000000000000,2560000.000000000000000,25,
409,899.000000000000000,115.750000000000000,2.560000000000000,2301,296,2005,475,6400.000000000000000,2560000.000000000000000,25,
410,424.000000000000000,54.000000000000000,2.560000000000000,1085,138,947,476,6400.000000000000000,2560000.000000000000000,25,
411,1211.250000000000000,75.750000000000000,2.560000000000000,3101,194,2907,477,6400.000000000000000,2560000.000000000000000,25,
412,882.000000000000000,36.000000000000000,2.560000000000000,2258,92,2166,478,6400.000000000000000,2560000.000000000000000,25,
413,882.000000000000000,8.000000000000000,2.560000000000000,2258,20,2238,479,6400.000000000000000,2560000.000000000000000,25,
414,698.000000000000000,88.000000000000000,2.560000000000000,1787,225,1562,480,6400.000000000000000,2560000.000000000000000,25,
415,1367.500000000000000,208.750000000000000,2.560000000000000,3501,534,2967,481,6400.000000000000000,2560000.000000000000000,25,
416,873.000000000000000,86.000000000000000,2.560000000000000,2235,220,2015,482,6400.000000000000000,2560000.000000000000000,25,
417,1547.000000000000000,106.000000000000000,2.560000000000000,3960,271,3689,483,6400.000000000000000,2560000.000000000000000,25,
418,425.250000000000000,8.250000000000000,2.560000000000000,1089,21,1068,484,6400.000000000000000,2560000.000000000000000,25,
419,204.750000000000000,8.000000000000000,2.560000000000000,524,20,504,485,6400.000000000000000,2560000.000000000000000,25,
420,129.000000000000000,3.000000000000000,2.560000000000000,330,8,322,486,6400.000000000000000,2560000.000000000000000,25,
421,126.000000000000000,0.000000000000000,2.560000000000000,323,0,323,487,6400.000000000000000,2560000.000000000000000,25,
422,125.000000000000000,1.500000000000000,2.560000000000000,320,4,316,488,6400.000000000000000,2560000.000000000000000,25,
423,125.000000000000000,1.500000000000000,2.560000000000000,320,4,316,489,6400.000000000000000,2560000.000000000000000,25,
424,125.000000000000000,1.500000000000000,2.560000000000000,320,4,316,490,6400.000000000000000,2560000.000000000000000,25,
425,705.000000000000000,33.000000000000000,2.560000000000000,1805,84,1721,491,6400.000000000000000,2560000.000000000000000,25,
426,159.000000000000000,3.000000000000000,2.560000000000000,407,8,399,496,6400.000000000000000,2560000.000000000000000,25,
427,159.000000000000000,3.000000000000000,2.560000000000000,407,8,399,497,6400.000000000000000,2560000.000000000000000,25,
428,103.000000000000000,8.000000000000000,2.560000000000000,264,20,244,498,6400.000000000000000,2560000.000000000000000,25,
429,103.000000000000000,8.000000000000000,2.560000000000000,264,20,244,499,6400.000000000000000,2560000.000000000000000,25,
430,263.000000000000000,9.500000000000000,2.560000000000000,673,24,649,500,6400.000000000000000,2560000.000000000000000,25,
431,423.000000000000000,11.000000000000000,2.560000000000000,1083,28,1055,501,6400.000000000000000,2560000.000000000000000,25,
432,452.000000000000000,26.000000000000000,2.560000000000000,1157,67,1090,502,6400.000000000000000,2560000.000000000000000,25,
433,537.500000000000000,21.000000000000000,2.560000000000000,1376,54,1322,503,6400.000000000000000,2560000.000000000000000,25,
434,619.500000000000000,71.500000000000000,2.560000000000000,1586,183,1403,504,6400.000000000000000,2560000.000000000000000,25,
435,762.000000000000000,118.000000000000000,2.560000000000000,1951,302,1649,505,6400.000000000000000,2560000.000000000000000,25,
436,1080.000000000000000,110.000000000000000,2.560000000000000,2765,282,2483,506,6400.000000000000000,2560000.000000000000000,25,
437,812.500000000000000,102.500000000000000,2.560000000000000,2080,262,1818,507,6400.000000000000000,2560000.000000000000000,25,
438,805.000000000000000,187.000000000000000,2.560000000000000,2061,479,1582,508,6400.000000000000000,2560000.000000000000000,25,
439,1529.000000000000000,222.000000000000000,2.560000000000000,3914,568,3346,509,6400.000000000000000,2560000.000000000000000,25,
440,745.000000000000000,109.500000000000000,2.560000000000000,1907,280,1627,510,6400.000000000000000,2560000.000000000000000,25,
441,759.000000000000000,87.500000000000000,2.560000000000000,1943,224,1719,511,6400.000000000000000,2560000.000000000000000,25,
442,1045.000000000000000,175.000000000000000,2.560000000000000,2675,448,2227,512,6400.000000000000000,2560000.000000000000000,25,
443,132.000000000000000,6.000000000000000,2.560000000000000,338,15,323,513,6400.000000000000000,2560000.000000000000000,25,
444,132.000000000000000,6.000000000000000,2.560000000000000,338,15,323,514,6400.000000000000000,2560000.000000000000000,25,
445,132.000000000000000,6.000000000000000,2.560000000000000,338,15,323,515,6400.000000000000000,2560000.000000000000000,25,
446,126.000000000000000,0.000000000000000,2.560000000000000,323,0,323,516,6400.000000000000000,2560000.000000000000000,25,
447,109.000000000000000,0.000000000000000,2.560000000000000,279,0,279,517,6400.000000000000000,2560000.000000000000000,25,
448,109.000000000000000,0.000000000000000,2.560000000000000,279,0,279,518,6400.000000000000000,2560000.000000000000000,25,
449,136.000000000000000,0.000000000000000,2.560000000000000,348,0,348,519,6400.000000000000000,2560000.000000000000000,25,
450,517.500000000000000,17.000000000000000,2.560000000000000,1325,44,1281,520,6400.000000000000000,2560000.000000000000000,25,
451,54.000000000000000,0.000000000000000,2.560000000000000,138,0,138,525,6400.000000000000000,2560000.000000000000000,25,
452,54.000000000000000,0.000000000000000,2.560000000000000,138,0,138,526,6400.000000000000000,2560000.000000000000000,25,
453,655.000000000000000,29.000000000000000,2.560000000000000,1677,74,1603,527,6400.000000000000000,2560000.000000000000000,25,
454,477.500000000000000,16.500000000000000,2.560000000000000,1222,42,1180,528,6400.000000000000000,2560000.000000000000000,25,
455,445.000000000000000,9.000000000000000,2.560000000000000,1139,23,1116,529,6400.000000000000000,2560000.000000000000000,25,
456,604.000000000000000,4.000000000000000,2.560000000000000,1546,10,1536,530,6400.000000000000000,2560000.000000000000000,25,
457,317.000000000000000,4.000000000000000,2.560000000000000,812,10,802,531,6400.000000000000000,2560000.000000000000000,25,
458,861.500000000000000,147.500000000000000,2.560000000000000,2205,378,1827,532,6400.000000000000000,2560000.000000000000000,25,
459,1040.666666666666742,217.000000000000000,2.560000000000000,2664,556,2108,533,6400.000000000000000,2560000.000000000000000,25,
460,858.000000000000000,180.000000000000000,2.560000000000000,2196,461,1735,534,6400.000000000000000,2560000.000000000000000,25,
461,817.500000000000000,50.000000000000000,2.560000000000000,2093,128,1965,535,6400.000000000000000,2560000.000000000000000,25,
462,1371.000000000000000,126.500000000000000,2.560000000000000,3510,324,3186,536,6400.000000000000000,2560000.000000000000000,25,
463,918.000000000000000,55.000000000000000,2.560000000000000,2350,141,2209,537,6400.000000000000000,2560000.000000000000000,25,
464,1594.250000000000000,340.250000000000000,2.560000000000000,4081,871,3210,538,6400.000000000000000,2560000.000000000000000,25,
465,699.000000000000000,55.000000000000000,2.560000000000000,1789,141,1648,539,6400.000000000000000,2560000.000000000000000,25,
466,766.000000000000000,53.000000000000000,2.560000000000000,1961,136,1825,540,6400.000000000000000,2560000.000000000000000,25,
467,723.000000000000000,25.000000000000000,2.560000000000000,1851,64,1787,541,6400.000000000000000,2560000.000000000000000,25,
468,457.250000000000000,15.250000000000000,2.560000000000000,1171,39,1132,542,6400.000000000000000,2560000.000000000000000,25,
469,168.000000000000000,5.000000000000000,2.560000000000000,430,13,417,543,6400.000000000000000,2560000.000000000000000,25,
470,132.000000000000000,6.000000000000000,2.560000000000000,338,15,323,544,6400.000000000000000,2560000.000000000000000,25,
471,166.500000000000000,3.500000000000000,2.560000000000000,426,9,417,545,6400.000000000000000,2560000.000000000000000,25,
472,122.500000000000000,0.000000000000000,2.560000000000000,314,0,314,546,6400.000000000000000,2560000.000000000000000,25,
473,129.250000000000000,0.000000000000000,2.560000000000000,331,0,331,547,6400.000000000000000,2560000.000000000000000,25,
474,136.000000000000000,0.000000000000000,2.560000000000000,348,0,348,548,6400.000000000000000,2560000.000000000000000,25,
475,476.000000000000000,8.500000000000000,2.560000000000000,1219,22,1197,549,6400.000000000000000,2560000.000000000000000,25,
476,54.000000000000000,0.000000000000000,2.560000000000000,138,0,138,554,6400.000000000000000,2560000.000000000000000,25,
477,469.000000000000000,22.000000000000000,2.560000000000000,1201,56,1145,555,6400.000000000000000,2560000.000000000000000,25,
478,529.500000000000000,25.500000000000000,2.560000000000000,1356,65,1291,556,6400.000000000000000,2560000.000000000000000,25,
479,756.500000000000000,31.000000000000000,2.560000000000000,1937,79,1858,557,6400.000000000000000,2560000.000000000000000,25,
480,787.000000000000000,30.500000000000000,2.560000000000000,2015,78,1937,558,6400.000000000000000,2560000.000000000000000,25,
481,687.000000000000000,36.000000000000000,2.560000000000000,1759,92,1667,559,6400.000000000000000,2560000.000000000000000,25,
482,466.000000000000000,4.000000000000000,2.560000000000000,1193,10,1183,560,6400.000000000000000,2560000.000000000000000,25,
483,888.000000000000000,8.500000000000000,2.560000000000000,2273,22,2251,561,6400.000000000000000,2560000.000000000000000,25,
484,935.333333333333258,108.666666666666657,2.560000000000000,2394,278,2116,562,6400.000000000000000,2560000.000000000000000,25,
485,799.000000000000000,26.000000000000000,2.560000000000000,2045,67,1978,563,6400.000000000000000,2560000.000000000000000,25,
486,923.500000000000000,20.000000000000000,2.560000000000000,2364,51,2313,564,6400.000000000000000,2560000.000000000000000,25,
487,812.000000000000000,186.000000000000000,2.560000000000000,2079,476,1603,565,6400.000000000000000,2560000.000000000000000,25,
488,812.000000000000000,186.000000000000000,2.560000000000000,2079,476,1603,566,6400.000000000000000,2560000.000000000000000,25,
489,465.000000000000000,67.000000000000000,2.560000000000000,1190,172,1018,567,6400.000000000000000,2560000.000000000000000,25,
490,996.500000000000000,121.000000000000000,2.560000000000000,2551,310,2241,568,6400.000000000000000,2560000.000000000000000,25,
491,1039.500000000000000,102.000000000000000,2.560000000000000,2661,261,2400,569,6400.000000000000000,2560000.000000000000000,25,
492,1284.000000000000000,215.000000000000000,2.560000000000000,3287,550,2737,570,6400.000000000000000,2560000.000000000000000,25,
493,251.000000000000000,5.000000000000000,2.560000000000000,643,13,630,571,6400.000000000000000,2560000.000000000000000,25,
494,263.500000000000000,3.500000000000000,2.560000000000000,675,9,666,572,6400.000000000000000,2560000.000000000000000,25,
495,276.000000000000000,2.000000000000000,2.560000000000000,707,5,702,573,6400.000000000000000,2560000.000000000000000,25,
496,276.000000000000000,2.000000000000000,2.560000000000000,707,5,702,574,6400.000000000000000,2560000.000000000000000,25,
497,218.000000000000000,3.000000000000000,2.560000000000000,558,8,550,575,6400.000000000000000,2560000.000000000000000,25,
498,445.000000000000000,37.000000000000000,2.560000000000000,1139,95,1044,576,6400.000000000000000,2560000.000000000000000,25,
499,590.000000000000000,68.000000000000000,2.560000000000000,1510,174,1336,577,6400.000000000000000,2560000.000000000000000,25,
500,487.000000000000000,10.000000000000000,2.560000000000000,1247,26,1221,578,6400.000000000000000,2560000.000000000000000,25,
501,245.000000000000000,5.500000000000000,2.560000000000000,627,14,613,583,6400.000000000000000,2560000.000000000000000,25,
502,436.000000000000000,11.000000000000000,2.560000000000000,1116,28,1088,584,6400.000000000000000,2560000.000000000000000,25,
503,625.500000000000000,56.500000000000000,2.560000000000000,1601,145,1456,585,6400.000000000000000,2560000.000000000000000,25,
504,540.000000000000000,61.000000000000000,2.560000000000000,1382,156,1226,586,6400.000000000000000,2560000.000000000000000,25,
505,719.000000000000000,81.500000000000000,2.560000000000000,1841,209,1632,587,6400.000000000000000,2560000.000000000000000,25,
506,898.000000000000000,102.000000000000000,2.560000000000000,2299,261,2038,588,6400.000000000000000,2560000.000000000000000,25,
507,993.000000000000000,0.000000000000000,2.560000000000000,2542,0,2542,589,6400.000000000000000,2560000.000000000000000,25,
508,908.500000000000000,33.000000000000000,2.560000000000000,2326,84,2242,590,6400.000000000000000,2560000.000000000000000,25,
509,801.000000000000000,37.000000000000000,2.560000000000000,2051,95,1956,591,6400.000000000000000,2560000.000000000000000,25,
510,738.000000000000000,26.000000000000000,2.560000000000000,1889,67,1822,592,6400.000000000000000,2560000.000000000000000,25,
511,839.500000000000000,20.000000000000000,2.560000000000000,2149,51,2098,593,6400.000000000000000,2560000.000000000000000,25,
512,895.000000000000000,10.000000000000000,2.560000000000000,2291,26,2265,594,6400.000000000000000,2560000.000000000000000,25,
513,1866.000000000000000,321.000000000000000,2.560000000000000,4777,822,3955,595,6400.000000000000000,2560000.000000000000000,25,
514,905.000000000000000,203.000000000000000,2.560000000000000,2317,520,1797,596,6400.000000000000000,2560000.000000000000000,25,
515,257.000000000000000,30.000000000000000,2.560000000000000,658,77,581,597,6400.000000000000000,2560000.000000000000000,25,
516,297.000000000000000,16.000000000000000,2.560000000000000,760,41,719,598,6400.000000000000000,2560000.000000000000000,25,
517,337.000000000000000,2.000000000000000,2.560000000000000,863,5,858,599,6400.000000000000000,2560000.000000000000000,25,
518,507.000000000000000,16.500000000000000,2.560000000000000,1298,42,1256,600,6400.000000000000000,2560000.000000000000000,25,
519,695.500000000000000,22.500000000000000,2.560000000000000,1780,58,1722,601,6400.000000000000000,2560000.000000000000000,25,
520,628.000000000000000,17.000000000000000,2.560000000000000,1608,44,1564,602,6400.000000000000000,2560000.000000000000000,25,
521,715.000000000000000,19.000000000000000,2.560000000000000,1830,49,1781,603,6400.000000000000000,2560000.000000000000000,25,
522,300.000000000000000,6.000000000000000,2.560000000000000,768,15,753,604,6400.000000000000000,2560000.000000000000000,25,
523,445.000000000000000,37.000000000000000,2.560000000000000,1139,95,1044,605,6400.000000000000000,2560000.000000000000000,25,
524,590.000000000000000,68.000000000000000,2.560000000000000,1510,174,1336,606,6400.000000000000000,2560000.000000000000000,25,
525,215.000000000000000,4.000000000000000,2.560000000000000,550,10,540,607,6400.000000000000000,2560000.000000000000000,25,
526,1174.000000000000000,15.500000000000000,2.560000000000000,3005,40,2965,612,6400.000000000000000,2560000.000000000000000,25,
527,842.000000000000000,40.000000000000000,2.560000000000000,2156,102,2054,613,6400.000000000000000,2560000.000000000000000,25,
528,621.750000000000000,45.250000000000000,2.560000000000000,1592,116,1476,614,6400.000000000000000,2560000.000000000000000,25,
529,725.500000000000000,94.750000000000000,2.560000000000000,1857,243,1614,615,6400.000000000000000,2560000.000000000000000,25,
530,851.500000000000000,134.500000000000000,2.560000000000000,2180,344,1836,616,6400.000000000000000,2560000.000000000000000,25,
531,562.000000000000000,16.000000000000000,2.560000000000000,1439,41,1398,617,6400.000000000000000,2560000.000000000000000,25,
532,866.000000000000000,22.000000000000000,2.560000000000000,2217,56,2161,618,6400.000000000000000,2560000.000000000000000,25,
533,399.000000000000000,0.000000000000000,2.560000000000000,1021,0,1021,619,6400.000000000000000,2560000.000000000000000,25,
534,260.000000000000000,0.000000000000000,2.560000000000000,666,0,666,620,6400.000000000000000,2560000.000000000000000,25,
535,979.000000000000000,106.000000000000000,2.560000000000000,2506,271,2235,621,6400.000000000000000,2560000.000000000000000,25,
536,544.750000000000000,6.750000000000000,2.560000000000000,1395,17,1378,622,6400.000000000000000,2560000.000000000000000,25,
537,1049.000000000000000,75.500000000000000,2.560000000000000,2685,193,2492,623,6400.000000000000000,2560000.000000000000000,25,
538,1206.000000000000000,151.000000000000000,2.560000000000000,3087,387,2700,624,6400.000000000000000,2560000.000000000000000,25,
539,987.000000000000000,46.000000000000000,2.560000000000000,2527,118,2409,625,6400.000000000000000,2560000.000000000000000,25,
540,428.500000000000000,21.000000000000000,2.560000000000000,1097,54,1043,626,6400.000000000000000,2560000.000000000000000,25,
541,382.750000000000000,11.500000000000000,2.560000000000000,980,29,951,627,6400.000000000000000,2560000.000000000000000,25,
542,632.500000000000000,17.500000000000000,2.560000000000000,1619,45,1574,628,6400.000000000000000,2560000.000000000000000,25,
543,588.750000000000000,20.250000000000000,2.560000000000000,1507,52,1455,629,6400.000000000000000,2560000.000000000000000,25,
544,607.000000000000000,20.000000000000000,2.560000000000000,1554,51,1503,630,6400.000000000000000,2560000.000000000000000,25,
545,669.000000000000000,17.000000000000000,2.560000000000000,1713,44,1669,631,6400.000000000000000,2560000.000000000000000,25,
546,1137.500000000000000,71.000000000000000,2.560000000000000,2912,182,2730,632,6400.000000000000000,2560000.000000000000000,25,
547,335.000000000000000,5.000000000000000,2.560000000000000,858,13,845,633,6400.000000000000000,2560000.000000000000000,25,
548,317.500000000000000,8.000000000000000,2.560000000000000,813,20,793,634,6400.000000000000000,2560000.000000000000000,25,
549,318.000000000000000,13.000000000000000,2.560000000000000,814,33,781,635,6400.000000000000000,2560000.000000000000000,25,
550,185.000000000000000,0.000000000000000,2.560000000000000,474,0,474,636,6400.000000000000000,2560000.000000000000000,25,
551,575.000000000000000,4.000000000000000,2.560000000000000,1472,10,1462,641,6400.000000000000000,2560000.000000000000000,25,
552,244.000000000000000,3.000000000000000,2.560000000000000,625,8,617,642,6400.000000000000000,2560000.000000000000000,25,
553,618.000000000000000,34.000000000000000,2.560000000000000,1582,87,1495,643,6400.000000000000000,2560000.000000000000000,25,
554,707.000000000000000,72.000000000000000,2.560000000000000,1810,184,1626,644,6400.000000000000000,2560000.000000000000000,25,
555,648.000000000000000,50.500000000000000,2.560000000000000,1659,129,1530,645,6400.000000000000000,2560000.000000000000000,25,
556,721.000000000000000,90.000000000000000,2.560000000000000,1846,230,1616,646,6400.000000000000000,2560000.000000000000000,25,
557,436.000000000000000,6.000000000000000,2.560000000000000,1116,15,1101,647,6400.000000000000000,2560000.000000000000000,25,
558,471.500000000000000,32.500000000000000,2.560000000000000,1207,83,1124,648,6400.000000000000000,2560000.000000000000000,25,
559,733.000000000000000,63.000000000000000,2.560000000000000,1876,161,1715,649,6400.000000000000000,2560000.000000000000000,25,
560,748.000000000000000,87.000000000000000,2.560000000000000,1915,223,1692,650,6400.000000000000000,2560000.000000000000000,25,
561,572.000000000000000,0.000000000000000,2.560000000000000,1464,0,1464,651,6400.000000000000000,2560000.000000000000000,25,
562,843.000000000000000,48.500000000000000,2.560000000000000,2158,124,2034,652,6400.000000000000000,2560000.000000000000000,25,
563,1032.000000000000000,82.000000000000000,2.560000000000000,2642,210,2432,653,6400.000000000000000,2560000.000000000000000,25,
564,990.000000000000000,136.000000000000000,2.560000000000000,2534,348,2186,654,6400.000000000000000,2560000.000000000000000,25,
565,390.000000000000000,6.000000000000000,2.560000000000000,998,15,983,655,6400.000000000000000,2560000.000000000000000,25,
566,408.500000000000000,3.000000000000000,2.560000000000000,1046,8,1038,656,6400.000000000000000,2560000.000000000000000,25,
567,427.000000000000000,0.000000000000000,2.560000000000000,1093,0,1093,657,6400.000000000000000,2560000.000000000000000,25,
568,605.000000000000000,21.000000000000000,2.560000000000000,1549,54,1495,658,6400.000000000000000,2560000.000000000000000,25,
569,751.000000000000000,22.000000000000000,2.560000000000000,1923,56,1867,659,6400.000000000000000,2560000.000000000000000,25,
570,884.000000000000000,44.000000000000000,2.560000000000000,2263,113,2150,660,6400.000000000000000,2560000.000000000000000,25,
571,657.000000000000000,6.000000000000000,2.560000000000000,1682,15,1667,661,6400.000000000000000,2560000.000000000000000,25,
572,587.000000000000000,3.000000000000000,2.560000000000000,1503,8,1495,662,6400.000000000000000,2560000.000000000000000,25,
573,580.500000000000000,11.500000000000000,2.560000000000000,1486,29,1457,663,6400.000000000000000,2560000.000000000000000,25,
574,611.000000000000000,17.000000000000000,2.560000000000000,1564,44,1520,664,6400.000000000000000,2560000.000000000000000,25,
575,185.000000000000000,0.000000000000000,2.560000000000000,474,0,474,665,6400.000000000000000,2560000.000000000000000,25,
576,509.500000000000000,36.000000000000000,2.560000000000000,1304,92,1212,670,6400.000000000000000,2560000.000000000000000,25,
577,431.000000000000000,18.500000000000000,2.560000000000000,1103,47,1056,671,6400.000000000000000,2560000.000000000000000,25,
578,618.000000000000000,34.000000000000000,2.560000000000000,1582,87,1495,672,6400.000000000000000,2560000.000000000000000,25,
579,608.000000000000000,9.500000000000000,2.560000000000000,1556,24,1532,673,6400.000000000000000,2560000.000000000000000,25,
580,608.000000000000000,13.000000000000000,2.560000000000000,1556,33,1523,674,6400.000000000000000,2560000.000000000000000,25,
581,641.000000000000000,15.000000000000000,2.560000000000000,1641,38,1603,675,6400.000000000000000,2560000.000000000000000,25,
582,436.000000000000000,6.000000000000000,2.560000000000000,1116,15,1101,676,6400.000000000000000,2560000.000000000000000,25,
583,633.000000000000000,20.000000000000000,2.560000000000000,1620,51,1569,677,6400.000000000000000,2560000.000000000000000,25,
584,650.000000000000000,26.000000000000000,2.560000000000000,1664,67,1597,678,6400.000000000000000,2560000.000000000000000,25,
585,367.000000000000000,66.000000000000000,2.560000000000000,940,169,771,679,6400.000000000000000,2560000.000000000000000,25,
586,541.000000000000000,22.000000000000000,2.560000000000000,1385,56,1329,680,6400.000000000000000,2560000.000000000000000,25,
587,661.500000000000000,38.500000000000000,2.560000000000000,1693,99,1594,681,6400.000000000000000,2560000.000000000000000,25,
588,707.000000000000000,28.000000000000000,2.560000000000000,1810,72,1738,682,6400.000000000000000,2560000.000000000000000,25,
589,683.000000000000000,45.000000000000000,2.560000000000000,1748,115,1633,683,6400.000000000000000,2560000.000000000000000,25,
590,790.000000000000000,54.500000000000000,2.560000000000000,2022,140,1882,684,6400.000000000000000,2560000.000000000000000,25,
591,698.000000000000000,36.000000000000000,2.560000000000000,1787,92,1695,685,6400.000000000000000,2560000.000000000000000,25,
592,427.000000000000000,0.000000000000000,2.560000000000000,1093,0,1093,686,6400.000000000000000,2560000.000000000000000,25,
593,786.000000000000000,15.000000000000000,2.560000000000000,2012,38,1974,687,6400.000000000000000,2560000.000000000000000,25,
594,1176.750000000000000,74.000000000000000,2.560000000000000,3012,189,2823,688,6400.000000000000000,2560000.000000000000000,25,
595,649.000000000000000,6.000000000000000,2.560000000000000,1661,15,1646,689,6400.000000000000000,2560000.000000000000000,25,
596,387.000000000000000,0.000000000000000,2.560000000000000,991,0,991,690,6400.000000000000000,2560000.000000000000000,25,
597,924.000000000000000,6.000000000000000,2.560000000000000,2365,15,2350,691,6400.000000000000000,2560000.000000000000000,25,
598,802.000000000000000,22.500000000000000,2.560000000000000,2053,58,1995,692,6400.000000000000000,2560000.000000000000000,25,
599,641.000000000000000,7.000000000000000,2.560000000000000,1641,18,1623,693,6400.000000000000000,2560000.000000000000000,25,
600,196.500000000000000,5.000000000000000,2.560000000000000,503,13,490,694,6400.000000000000000,2560000.000000000000000,25,
601,543.000000000000000,14.000000000000000,2.560000000000000,1390,36,1354,699,6400.000000000000000,2560000.000000000000000,25,
602,530.000000000000000,29.000000000000000,2.560000000000000,1357,74,1283,700,6400.000000000000000,2560000.000000000000000,25,
603,530.000000000000000,29.000000000000000,2.560000000000000,1357,74,1283,701,6400.000000000000000,2560000.000000000000000,25,
604,547.500000000000000,54.500000000000000,2.560000000000000,1402,140,1262,702,6400.000000000000000,2560000.000000000000000,25,
605,823.000000000000000,133.500000000000000,2.560000000000000,2107,342,1765,703,6400.000000000000000,2560000.000000000000000,25,
606,1081.000000000000000,187.000000000000000,2.560000000000000,2767,479,2288,704,6400.000000000000000,2560000.000000000000000,25,
607,507.000000000000000,36.000000000000000,2.560000000000000,1298,92,1206,705,6400.000000000000000,2560000.000000000000000,25,
608,308.000000000000000,1.000000000000000,2.560000000000000,788,3,785,706,6400.000000000000000,2560000.000000000000000,25,
609,457.000000000000000,7.000000000000000,2.560000000000000,1170,18,1152,707,6400.000000000000000,2560000.000000000000000,25,
610,537.000000000000000,13.000000000000000,2.560000000000000,1375,33,1342,708,6400.000000000000000,2560000.000000000000000,25,
611,834.500000000000000,18.000000000000000,2.560000000000000,2136,46,2090,709,6400.000000000000000,2560000.000000000000000,25,
612,960.500000000000000,26.000000000000000,2.560000000000000,2459,67,2392,710,6400.000000000000000,2560000.000000000000000,25,
613,1214.000000000000000,44.000000000000000,2.560000000000000,3108,113,2995,711,6400.000000000000000,2560000.000000000000000,25,
614,769.000000000000000,79.000000000000000,2.560000000000000,1969,202,1767,712,6400.000000000000000,2560000.000000000000000,25,
615,1532.500000000000000,149.000000000000000,2.560000000000000,3923,381,3542,713,6400.000000000000000,2560000.000000000000000,25,
616,3034.000000000000000,386.000000000000000,2.560000000000000,7767,988,6779,714,6400.000000000000000,2560000.000000000000000,25,
617,3086.000000000000000,189.000000000000000,2.560000000000000,7900,484,7416,715,6400.000000000000000,2560000.000000000000000,25,
618,1678.000000000000000,62.000000000000000,2.560000000000000,4296,159,4137,716,6400.000000000000000,2560000.000000000000000,25,
619,634.500000000000000,20.500000000000000,2.560000000000000,1624,52,1572,717,6400.000000000000000,2560000.000000000000000,25,
620,411.000000000000000,29.000000000000000,2.560000000000000,1052,74,978,718,6400.000000000000000,2560000.000000000000000,25,
621,1578.000000000000000,52.000000000000000,2.560000000000000,4040,133,3907,719,6400.000000000000000,2560000.000000000000000,25,
622,643.000000000000000,20.000000000000000,2.560000000000000,1646,51,1595,720,6400.000000000000000,2560000.000000000000000,25,
623,151.000000000000000,4.000000000000000,2.560000000000000,387,10,377,721,6400.000000000000000,2560000.000000000000000,25,
624,151.000000000000000,4.000000000000000,2.560000000000000,387,10,377,722,6400.000000000000000,2560000.000000000000000,25,
625,208.000000000000000,10.000000000000000,2.560000000000000,532,26,506,723,6400.000000000000000,2560000.000000000000000,25,
626,489.000000000000000,9.000000000000000,2.560000000000000,1252,23,1229,728,6400.000000000000000,2560000.000000000000000,25,
627,530.000000000000000,29.000000000000000,2.560000000000000,1357,74,1283,729,6400.000000000000000,2560000.000000000000000,25,
628,452.500000000000000,28.500000000000000,2.560000000000000,1158,73,1085,730,6400.000000000000000,2560000.000000000000000,25,
629,609.750000000000000,36.750000000000000,2.560000000000000,1561,94,1467,731,6400.000000000000000,2560000.000000000000000,25,
630,703.250000000000000,12.250000000000000,2.560000000000000,1800,31,1769,732,6400.000000000000000,2560000.000000000000000,25,
631,701.000000000000000,18.000000000000000,2.560000000000000,1795,46,1749,733,6400.000000000000000,2560000.000000000000000,25,
632,506.250000000000000,2.500000000000000,2.560000000000000,1296,6,1290,734,6400.000000000000000,2560000.000000000000000,25,
633,770.000000000000000,10.500000000000000,2.560000000000000,1971,27,1944,735,6400.000000000000000,2560000.000000000000000,25,
634,770.000000000000000,0.000000000000000,2.560000000000000,1971,0,1971,736,6400.000000000000000,2560000.000000000000000,25,
635,280.000000000000000,5.000000000000000,2.560000000000000,717,13,704,737,6400.000000000000000,2560000.000000000000000,25,
636,691.250000000000000,24.000000000000000,2.560000000000000,1770,61,1709,738,6400.000000000000000,2560000.000000000000000,25,
637,658.000000000000000,27.000000000000000,2.560000000000000,1684,69,1615,739,6400.000000000000000,2560000.000000000000000,25,
638,1025.000000000000000,47.000000000000000,2.560000000000000,2624,120,2504,740,6400.000000000000000,2560000.000000000000000,25,
639,766.000000000000000,52.000000000000000,2.560000000000000,1961,133,1828,741,6400.000000000000000,2560000.000000000000000,25,
640,831.000000000000000,31.500000000000000,2.560000000000000,2127,81,2046,742,6400.000000000000000,2560000.000000000000000,25,
641,814.000000000000000,15.000000000000000,2.560000000000000,2084,38,2046,743,6400.000000000000000,2560000.000000000000000,25,
642,821.000000000000000,30.000000000000000,2.560000000000000,2102,77,2025,744,6400.000000000000000,2560000.000000000000000,25,
643,761.000000000000000,35.000000000000000,2.560000000000000,1948,90,1858,745,6400.000000000000000,2560000.000000000000000,25,
644,798.500000000000000,30.500000000000000,2.560000000000000,2044,78,1966,746,6400.000000000000000,2560000.000000000000000,25,
645,809.000000000000000,6.000000000000000,2.560000000000000,2071,15,2056,747,6400.000000000000000,2560000.000000000000000,25,
646,692.500000000000000,4.500000000000000,2.560000000000000,1773,12,1761,748,6400.000000000000000,2560000.000000000000000,25,
647,151.000000000000000,4.000000000000000,2.560000000000000,387,10,377,749,6400.000000000000000,2560000.000000000000000,25,
648,151.000000000000000,4.000000000000000,2.560000000000000,387,10,377,750,6400.000000000000000,2560000.000000000000000,25,
649,151.000000000000000,4.000000000000000,2.560000000000000,387,10,377,751,6400.000000000000000,2560000.000000000000000,25,
650,370.000000000000000,21.000000000000000,2.560000000000000,947,54,893,752,6400.000000000000000,2560000.000000000000000,25,
